﻿<?xml version="1.0" encoding="utf-8" ?>
<Databases>
	<Database name="MovieDatabase">
		<Movie id="1" rating="9.2" year="1972" oscars="3" directorId="1">The Godfather</Movie>
		<Movie id="2" rating="9.0" year="2008" oscars="2" directorId="2">The Dark Knight</Movie>
		<Movie id="3" rating="8.9" year="1994" oscars="1" directorId="3">Pulp Fiction</Movie>
		<Movie id="4" rating="8.8" year="1999" oscars="0" directorId="4">Fight Club</Movie>
		<Movie id="5" rating="8.8" year="2010" oscars="4" directorId="2">Inception</Movie>
		<Movie id="6" rating="8.7" year="1990" oscars="1" directorId="5">Goodfellas</Movie>
		<Movie id="7" rating="8.7" year="1975" oscars="5" directorId="6">One Flew Over the Cockoo's Nest</Movie>
		<Movie id="8" rating="8.6" year="2014" oscars="1" directorId="2">Interstellar</Movie>
		<Movie id="9" rating="8.3" year="1987" oscars="0" directorId="7">Full Metal Jacket</Movie>
		<Movie id="10" rating="8.3" year="1971" oscars="0" directorId="7">A Clockwork Orange</Movie>
		<Movie id="11" rating="8.3" year="1968" oscars="1" directorId="7">2001: A Space Odyssey</Movie>
		<Movie id="12" rating="8.3" year="1992" oscars="0" directorId="3">Reservoir Dogs</Movie>
	</Database>
	
	<Database name="DirectorDatabase">
		<Director id="1" oscars="5" born="7.4.1939." died="">Francis Ford Coppola</Director>
		<Director id="2" oscars="0" born="30.7.1970." died="">Christopher Nolan</Director>
		<Director id="3" oscars="2" born="27.3.1963." died="">Quentin Tarantino</Director>
		<Director id="4" oscars="0" born="28.8.1962." died="">David Fincher</Director>
		<Director id="5" oscars="1" born="17.11.1942." died="">Martin Scorsese</Director>
		<Director id="6" oscars="2" born="18.2.1932." died="13.4.2018.">Milos Forman</Director>
		<Director id="7" oscars="1" born="26.7.1928." died="7.3.1999.">Stanley Kubrick</Director>
	</Database>
</Databases>